last name,first name,email,zipcode,city,state,address,phone number
Hankins,SArah,pinalevitsky@jumpstartlab.com,20009,,DC,202215thstreetnw,4145205000
Xx,Sarah,lqrm4462@jumpstartlab.com,33703,,FL,41753rdstreetnorth,9419792000
Cordova,Sarah,tmai.202@jumpstartlab.com,21044,,MD,5430hesperusdrive,4109639000
Irvine,Sarah,wwoodruf@jumpstartlab.com,30127,,GA,6184windflowerdrive,7704249000
Hough,Sarah,gi@jumpstartlab.com,06614,,CT,42cpowdermilldrive,2036506000
Geretz,Sarah,ovdawaaa@jumpstartlab.com,01002,,MA,72trianglest.appt.2,8572311000
Sample,Sarah,nqiza@jumpstartlab.com,94619,,CA,270rishelldrive,5107086000
Gerow,Sarah,xnb77@jumpstartlab.com,33559,,FL,2501blackhorseloopapt301c,8137359000
Eden,Sarah,cetephenson@jumpstartlab.com,33559,,FL,2501blackhorseloopapt301c,8136798000
Riordan,Sarah,ctuhspugha@jumpstartlab.com,80212,,CO,2814tennysonst.,7202058000
Gordon,Sarah,cxcahdprice@jumpstartlab.com,43554,,OH,18476countyroad15,4197373000
Johnston,Sarah,gylaki@jumpstartlab.com,94104,,CA,221pinest,4157863000
Oddie,Sarah,blhhhhhhhh@jumpstartlab.com,94101,,CA,221pinest,4157863000
Catlin,Sarah,tlacyjamesrossi3@jumpstartlab.com,40206,,KY,114ngaltave,5029386000
Clatterbuck,Sarah,dhchleith@jumpstartlab.com,05401,,VT,37dcongerave,8025401000
Dernoga,Sarah,gkpaldin@jumpstartlab.com,49461,,MI,7473easystreet,2316707000
Ojeh,Sarah,bfkelly@jumpstartlab.com,20742,,MD,8000botelerlaneappt248a,4104743000
Sparrow,Sarah,jw9@jumpstartlab.com,13346,,NY,street not given,9084187000
Deutschmann,Sarah,pooneil@jumpstartlab.com,03435,,NH,229mainst.,6032752000
Alilionis,Sarah,jhagamininj4@jumpstartlab.com,03431,,NH,21coolidgestreet,2032783000
Meyer,Sarah,ohhalaf@jumpstartlab.com,32816,,FL,4000centralfloridablvd,5612024000
Doe,SArah,dnary.franko@jumpstartlab.com,32828,,FL,12846lexingtonsummitst,9043348000
Beck,Sarah,fsong_moua@jumpstartlab.com,92122,,CA,4174manordr.,5624724000
Miner,Sarah,kjlie.garrett@jumpstartlab.com,07430,,NJ,505ramapovalleyrd,6465849000
Krumholz,Sarah,wrokaranm@jumpstartlab.com,16057,,PA,241maltbyaveapt:a,7244935000
Ogle,Sarah,jkvan7@jumpstartlab.com,06226,,CT,31bbellevuest.,8604500000
Hagan,Sarah,pxazierm3090@jumpstartlab.com,02912,,RI,69brownstreet,2064847000
Doe,Sarah,vo_tigner@jumpstartlab.com,23173,,VA,28westhamptonway,9084186000
Goblirsch,Sarah,upeller@jumpstartlab.com,78626,,TX,1001e.universityave.,9564637000
Pickoff,Sarah,jfacicot@jumpstartlab.com,28778,,NC,701warrenwilsonroad,9175664000
Brunton,Sarah,vkrolyn@jumpstartlab.com,05669,,NY,10clarksonave.,8028396000
Xx,Sarah,yqlaire@jumpstartlab.com,14850,,MS,b,6073512000
Haber,Sarah,jllement@jumpstartlab.com,48208,,MI,x,5863223000
Poffenbarger,Sarah,sschott@jumpstartlab.com,43015,,OH,40rowlandave.,4195289000
Hairabedian,Sarah,ipssica.roberts@jumpstartlab.com,48858,,MI,111noroad,8102523000
Uhl,Sarah,fxily.tsitrian@jumpstartlab.com,48858,,MI,111noroad,8102523000
Rosenblad,Sarah,ecngy@jumpstartlab.com,97702,,OR,22415calgarydrive,5414080000
Leonard,Sarah,xgura.yin@jumpstartlab.com,05401,,VT,32southunionst,6312758000
Sankey,Sarah,uxragoag@jumpstartlab.com,08544,,NJ,12345fristcenter,2159839000
Du,Sarah,wtslaug06@jumpstartlab.com,14853,,NY,1g14hjamesonhall,5613589000
Lichtenauer,Sarah,goddagjm@jumpstartlab.com,25705,,WV,5037westpearidgerd,3044122000
Roffe,Sarah,jsjenkin@jumpstartlab.com,97219,,OR,0615swpalatinehillrd,8123454000
Null,Sarah,rcverburg@jumpstartlab.com,21210,,MD,ms23614501n.charlesst,9086982000
Morgan,Sarah,qgrls1es@jumpstartlab.com,00000,,state not given,street not given,3015803000
Abreu,Sarah,hrf001@jumpstartlab.com,18923,,PA,53shoemakerdrive,2673422000
Markus,Sarah,fuo@jumpstartlab.com,15213,,PA,302n.craigst,8459887000
Gaber,Sarah,nhmichae@jumpstartlab.com,70820,,LA,1645brightsideln.apt#217,9856308000
Bayer,Sarah,jfshaw@jumpstartlab.com,24501,,VA,1501lakesidedr,3028587000
Waldman,Sarah,cychelleighguillory@jumpstartlab.com,21216,,MD,x,3016131000
Hall,Sarah,quarmas2@jumpstartlab.com,22030,,VA,4400universitydrive,8603958000
Schroder,Sarah,il114706@jumpstartlab.com,22025,,VA,15437beachviewdrive,8452249000
Shaikh,Sarah,idavis2@jumpstartlab.com,37614,,TN,etsubox16272,8655851000
Wroblewski,Sarah,stwoods@jumpstartlab.com,10583,,NY,101lakeviewavenue,5615041000
Elles,Sarah,gvwacoordinator@jumpstartlab.com,24060,,VA,null,5712411000
Liebst,Sarah,ebtiburcio@jumpstartlab.com,02454,,MA,415southst,6104629000
Parulekar,Sarah,ofods@jumpstartlab.com,97230,,OR,13939beechct,5037525000
Last Name,Sarah,ldhnt@jumpstartlab.com,24595,,VA,sweetbriar,2483101000
Belcher,Sarah,bapooooooooooooohhhh@jumpstartlab.com,05753,,VT,4576middleburycollege,2023166000
Budd,Sarah,kierl@jumpstartlab.com,04902,,ME,6052mayflowerhill,7183054000
Williams,Sarah,dvjaff07@jumpstartlab.com,21136,,MD,14021woodlingslane,4436324000
Brisbois,Sarah,wqlee0808@jumpstartlab.com,21218,,MD,3043frisbyst.,4436324000
Alderson,Sarah,oe3887a@jumpstartlab.com,59801,,MT,2604mauriceave.,7194390000
Renner-Yeomans,Sarah,sseldcf@jumpstartlab.com,01610,,MA,holycrosscollege1collegestreet,8478044000
Robinson,Sarah,alng30y@jumpstartlab.com,15208,,PA,700highlandaveapt114,4123785000
Beck,Sarah,pmleindi@jumpstartlab.com,25702,,WV,2802southstauntonrd,1304542600
Brown,Sarah,emullensg@jumpstartlab.com,55105,,MN,1600grandave,9148442000
Gladwin,Sarah,tmlion@jumpstartlab.com,20190,,VA,11100wildlifecenterdr,7034386000
Carter,Sarah,kgete20c@jumpstartlab.com,20190,,VA,11100wildlifecenterdr,7348877000
Larson,Sarah,ivath90b@jumpstartlab.com,17325,,PA,box0546gettysburgcollege,9522501000
Ruud,Sarah,lprissa.S.Knodel@jumpstartlab.com,40508,,KY,300n.broadway,6067480000
Guethle,Sarah,sdtie.knee@jumpstartlab.com,01610,,MA,950mainst.box1635,5186979000
Wilburn,Sarah,dqessearp@jumpstartlab.com,55413,,MN,1703lincolnst,6129785000
B,Sarah,ot1898a@jumpstartlab.com,04353,,ME,121rooneylane,2074854000
Hendler,Sarah,hqiley@jumpstartlab.com,49601,,MI,11395e.46rd.,2318785000
Waickman,Sarah,pvssino_a@jumpstartlab.com,42101,,KY,1538chestnutstreet,6153306000
Herring,Sarah,ofairbushmancolby@jumpstartlab.com,12180,,NY,"nason205,1999burdettave.",6463399000
Gosse,Sarah,bsore@jumpstartlab.com,20912,,MD,7600flowerave.,3042795000
Arnold,Sarah,yu319306@jumpstartlab.com,44074,,OH,ocmr1984,4436049000
